"Ord Ref","Order Date","Comm","Customer","Ship Date","Product","Qty"
TEST0084,10/03/2026,,101,20/03/2026,101863,1
TEST0084,10/03/2026,,101,20/03/2026,100890,2
TEST0084,10/03/2026,,101,20/03/2026,101860,3
TEST0084,10/03/2026,,101,20/03/2026,102130,4
TEST0084,10/03/2026,,101,20/03/2026,200380,5
TEST0085,10/03/2026,,101,20/03/2026,101863,1
TEST0085,10/03/2026,,101,20/03/2026,100890,2
TEST0085,10/03/2026,,101,20/03/2026,101860,3
TEST0085,10/03/2026,,101,20/03/2026,102130,4
TEST0086,10/03/2026,,101,20/03/2026,101863,1
TEST0086,10/03/2026,,101,20/03/2026,100890,2
TEST0086,10/03/2026,,101,20/03/2026,101860,3

